{
    "gpt-4o": {
        "kappa": 0.2331288343558282
    },
    "llama3.3:70b": {
        "kappa": 0.459234608985025
    },
    "mistral-nemo:12b-instruct-2407-fp16": {
        "kappa": 0.05660377358490576
    }
}