{
    "gpt-4o": {
        "kappa": 0.2723492723492723
    },
    "phi4": {
        "kappa": 0.28
    },
    "llama3.3:70b": {
        "kappa": 0.34318555008210183
    },
    "mistral-nemo:12b-instruct-2407-fp16": {
        "kappa": 0.21996879875195008
    }
}