{
    "gpt-4o": {
        "kappa": 0.2723492723492723
    },
    "phi4": {
        "kappa": 0.29284525790349414
    },
    "llama3.3:70b": {
        "kappa": 0.28
    },
    "mistral-nemo:12b-instruct-2407-fp16": {
        "kappa": 0.29284525790349414
    }
}